"pathway","pval","padj","log2err","ES","NES","size","leadingEdge"
"HALLMARK_E2F_TARGETS",4.30401516145052e-20,2.10896742911076e-18,1.16017957183021,-0.558548196310576,-2.70837561422044,194,"Lig1;Smc1a;Mcm7;Hmgb2;Ncapd2;Espl1;Tk1;Mcm5;Mcm6;Bub1b;Lmnb1;Dnmt1;Dlgap5;Mcm2;Mcm3;Kif18b;Cdc20;Melk;Nop56;Pold1;Mybl2;Wdr90;Cdca8;Plk1;Spag5;Pole;Ssrp1;Pnn;Psmc3ip;Smc3;Ung;Kif22;Pola2;Cenpm;Brca1;Timeless;Birc5;Brca2;Cdkn2c;Mki67;Rfc3;Asf1b;Dctpp1;Tacc3;Cdkn3;Top2a;Dut;Nolc1;Ilf3;Cdc25b;Aurkb;Suv39h1;Racgap1;Hmmr;Shmt1;Hnrnpd;Cenpe;Ranbp1;Paics;Rpa2;Rpa1;Nudt21;Trp53;Prim2;Tipin;Ak2;Rad50;Msh2;Rfc2;E2f8;Luc7l3;Gins1;Rad51ap1;Tcf19;Kif2c;Ccnb2;Cdk1;Prkdc;Kif4;Phf5a;Spc24;Bard1;Rfc1;Dscc1;Nasp;Trip13;Kpna2;Tbrg4;Snrpb;Pan2;Orc6;Cdca3;Mxd3;Cit;Hmgb3;Chek2;Lyar;Ube2t;Rad51c;Cdk4;Dek;Pa2g4;Pold2;Pttg1;Mcm4;Stmn1;Rbbp7"
"HALLMARK_INTERFERON_ALPHA_RESPONSE",1.72200297016024e-14,4.21890727689258e-13,0.97599468306432,-0.626364015974748,-2.67416938614585,89,"Ifitm1;Ifitm2;Il4ra;Cxcl10;Slc25a28;Uba7;Cd47;Isg20;Sp110;Tap1;Cmtr1;Parp14;Ly6e;Ifitm3;Dhx58;Cnp;Ogfr;Psmb9;Bst2;Ifit3;Trim12c;Adar;Psmb8;Stat2;Epsti1;Isg15;Irf7;Psme1;Nmi;Lgals3bp;Mx2;Irf9;Eif2ak2;Trim25;Trafd1;Helz2;Oas1a;Ube2l6;Cd74;Parp12;Trim14;Parp9;Casp8;Oas1g;Cmpk2;Ifi35;Mvb12a;Trim21;Rsad2;B2m;Ifit2;Rtp4;Csf1"
"HALLMARK_G2M_CHECKPOINT",2.67557915964755e-12,3.27758447056825e-11,0.898671232061694,-0.483208410604664,-2.33238997664216,183,"Hmgn2;Smc1a;Bcl3;Ewsr1;Espl1;Odc1;Mcm5;Mcm6;Lmnb1;Uck2;Mcm2;Mcm3;Cdc20;Ccnt1;Mybl2;Notch2;Numa1;Kif23;Smad3;Plk1;Pole;Nusap1;Exo1;Incenp;Kif22;Pola2;Chaf1a;Cenpf;Birc5;Brca2;Cdkn2c;Mki67;Pml;Tacc3;Cdkn3;Top2a;Mapk14;Nolc1;Ilf3;Cdc25b;Ccnf;Aurkb;Arid4a;Hnrnpu;E2f2;Hira;Suv39h1;Racgap1;Hmmr;Hnrnpd;Foxn3;Egf;Cenpe;Gins2;Rpa2;Cenpa;Troap;Prim2;Abl1;Slc7a5;Kif2c;Mnat1;Ythdc1;Ccnb2;Cdk1;Kif4;Cbx1;Prmt5;Nup98;Bard1;Nasp;Rad54l;Katna1;Lig3;Kpna2;Ube2c;Orc6;Prc1;Smc2;Ccna2;Hmgb3;Tpx2;Kif15;Cdk4;Pttg1;Snrpd1;Stmn1;Cdc45;Nek2;Hspa8;Dtymk"
"HALLMARK_INTERFERON_GAMMA_RESPONSE",2.24002212322537e-12,3.27758447056825e-11,0.898671232061694,-0.487677534990567,-2.34199214447415,180,"Ifitm2;Il4ra;Cxcl10;Nfkbia;Cd86;Slc25a28;Stat3;Icam1;Ncoa3;Ptpn6;Isg20;Sp110;Zbp1;Mvp;Ifnar2;Samhd1;Tap1;Tnfsf10;Cmtr1;Ifit1bl1;Parp14;Ly6e;Ifitm3;Dhx58;Ogfr;Myd88;Psmb9;Il10ra;Bst2;Ifit3;Adar;Psmb8;Stat2;Epsti1;Itgb7;Stat4;H2-M3;Isg15;Xaf1;Irf7;Psme1;Fcgr1;Nmi;Lgals3bp;Mx2;Irf9;Eif2ak2;Oas3;Irf5;Trim25;Trafd1;Cmklr1;Pml;Helz2;Ube2l6;Il18bp;Nlrc5;Cd74;Parp12;Oas2;Trim14;Casp8;Stat1;Cmpk2;Ifi35;Tapbp;Trim21;Rsad2;Znfx1;Ccl5;B2m;H2-D1;Pde4b;Lcp2;Nfkb1;Fgl2;H2-Aa;Ifit2;Rbck1;Rtp4;Fpr1;H2-Eb1"
"HALLMARK_EPITHELIAL_MESENCHYMAL_TRANSITION",5.45869650433224e-10,5.34952257424559e-09,0.801215574617779,0.519802204920139,2.25426182629462,136,"Vcam1;Sdc1;Gpc1;Rhob;Slc6a8;Spp1;Itgb3;Serpinh1;Tnfaip3;Cadm1;Id2;Thy1;Anpep;Col5a1;Efemp2;Prrx1;Gpx7;Eno2;Igfbp3;Loxl2;Vim;Serpine2;Loxl1;Mgp;Col3a1;Fstl1;Col6a2;Cdh11;Col16a1;Colgalt1;Acta2;Htra1;Col6a3;Tnc;Fuca1;Col5a2;Col12a1;Slit2;Sgcb;Sparc;Bgn;Dpysl3;Gadd45a;P3h1;Col1a2;Calu;Cxcl12;Plod2;Fermt2;Pdgfrb;Sfrp4;Capg;Bmp1;Cald1;Basp1;Dcn;Itgb1;Mest;Plaur;Fbln5;Pmp22;Vegfa;Edil3;Tpm2;Matn2;Col5a3"
"HALLMARK_HYPOXIA",1.45890649452117e-07,1.19144030385895e-06,0.690132458796796,0.458308829940979,2.0289903359546,151,"Gpc1;Cdkn1c;Rragd;Hmox1;Atf3;Pfkfb3;F3;Bhlhe40;Bnip3l;Tnfaip3;Col5a1;Eno2;Slc2a1;Bcl2;Igfbp3;Sdc2;Ak4;Rora;Pfkp;P4ha1;Chst3;Stc1;Ugp2;Ext1;Ndst1;Kif5a;Ets1;Hs3st1;Mxi1;Bgn;Pgk1;Grhpr;Tiparp;Ldha;Anxa2;Gbe1;P4ha2;Tes;Hk2;Aldoa;Ccng2;Dcn;Wsb1;Nedd4l;B4galnt2;Plaur;Ilvbl;Ampd3;Pgm2;Pdk1;Vegfa;Stbd1"
"HALLMARK_COAGULATION",1.57465789358266e-06,1.10226052550786e-05,0.643551836150722,0.521913890286189,2.10119819066198,85,"F10;Plau;Anxa1;Ctsk;Cd9;Itgb3;Ctsl;F3;P2ry1;Serping1;Plek;Vwf;Mmp9;Mmp8;Sh2b2;Rapgef3;Arf4;Crip2;Htra1;Lta4h;Lamp2;Ctso;Sparc;Thbd;Hpn;Casp9;Gng12;Bmp1;F2rl2;Cpq;Ctsb"
"HALLMARK_MTORC1_SIGNALING",2.95184762255862e-06,1.80800666881715e-05,0.627256739718528,0.394157083611405,1.81135981786529,193,"Cd9;Prdx1;Itgb2;Bhlhe40;Tfrc;Ifi30;Serpinh1;Idh1;Cyp51;Hmgcs1;Slc2a1;Scd1;Sc5d;Ak4;Psat1;Hspd1;P4ha1;Gla;Gsr;Idi1;Stc1;Ldlr;Txnrd1;Atp2a2;Insig1;Lta4h;Ufm1;Cyb5b;Sqle;Igfbp5;Pik3r3;Pnp2;Pgk1;Dhcr7;Ldha;Rdh11;Gbe1;Rpn1;Atp6v1d;Plod2;Tes;Elovl5;Slc7a11;Hk2;Aldoa;Gmps;Gclc;Stard4;Qdpr;Etf1;Egln3;Cct6a;Ifrd1;Ube2d3;Canx;Pdk1;Ccng1;Nampt;Mthfd2;Phgdh;Polr3g;Add3;Hspa4;Uso1;Psph;Acly;Sord;Ssr1;Gsk3b;Pno1;Hspa9;Actr2;Tm7sf2;Tpi1;Uchl5"
"HALLMARK_CHOLESTEROL_HOMEOSTASIS",3.80850581189268e-06,2.07351983091935e-05,0.627256739718528,0.553667515537728,2.11015062105534,63,"Jag1;Cd9;Fabp5;Atf3;Alcam;Lgals3;Cyp51;Hmgcs1;Scd1;Sc5d;Lpl;Hsd17b7;Gusb;Atf5;Idi1;Ldlr;S100a11;Sqle;Trp53inp1;Chka;Plscr1;Dhcr7;Lss;Fasn;Stard4;Ctnnb1;Mvd;Plaur"
"HALLMARK_DNA_REPAIR",3.13099091349039e-05,0.000153418554761029,0.557332238758646,-0.383291774020294,-1.79309126029111,142,"Lig1;Gtf3c5;Hcls1;Snapc5;Pold1;Alyref;Polh;Ssrp1;Pola2;Cant1;Ddb2;Supt5;Nme4;Rfc3;Sf3a3;Dut;Impdh2;Polr3c;Mrpl40;Cmpk2;Tyms;Vps28;Nelfcd;Rpa2;Sac3d1;Nudt21;Trp53;Gtf2f1;Xpc;Polb;Pde4b;Rfc2;Nelfb;Supt4a;Taf6;Tarbp2;Nt5c;Snapc4;Ada;Fen1;Gmpr2;Taf10;Nme3;Mpg;Edf1;Ercc3;Vps37d;Rfc4;Ercc2;Taf12;Nfx1;Vps37b;Zfp707;Prim1;Aaas;Nudt9;Nt5c3;Polr1d;Rad52;Polr2f;Umps;Rfc5;Polr2e;Polr2j;Usp11"
"HALLMARK_IL2_STAT5_SIGNALING",5.36574158133766e-05,0.000239019397714132,0.557332238758646,0.388045652588705,1.75543202021597,168,"Tnfrsf21;Cdkn1c;Rhob;Galm;Rragd;Ckap4;Spp1;Bhlhe40;Anxa4;Adam19;Col6a1;Bcl2l1;Alcam;Enpp1;Smpdl3a;Bcl2;Il2rb;Rhoh;Ctsz;Rora;Prnp;Car2;P4ha1;Map6;Igf2r;Ptger2;St3gal4;Hipk2;Ttc39b;Ncs1;Twsg1;Hopx;Rgs16;Eomes;Lclat1;Pnp2;Plscr1;Plagl1;Myo1e;Phlda1;Hk2;P2rx4;Capg;Batf3;F2rl2;Slc39a8;Gabarapl1;Syt11;Penk;Ltb;Il18r1;Wls"
"HALLMARK_MITOTIC_SPINDLE",9.14079191757103e-05,0.000373249003300817,0.538434096309916,-0.335439774390304,-1.62752735903779,191,"Smc1a;Espl1;Ophn1;Prex1;Bcl2l11;Lmnb1;Dlgap5;Rhot2;Arhgap4;Pcnt;Gsn;Rhof;Tubgcp2;Cep250;Notch2;Numa1;Kif23;Plk1;Cdc42ep2;Nusap1;Arhgap27;Smc3;Incenp;Kif22;Cenpf;Plekhg2;Birc5;Dst;Brca2;Ssh2;Ezr;Top2a;Cntrl;Map3k11;Racgap1;Tiam1;Arhgef2;Taok2;Cenpe;Sac3d1;Atg4b;Pxn;Abl1;Map1s;Kptn;Kif2c;Myh9;Ccnb2;Cdk1;Flnb;Kif4;Alms1;Stau1;Bin1;Rfc1;Cntrob;Klc1;Katna1;Csnk1d"
"HALLMARK_COMPLEMENT",0.00022290200736994,0.000840169104702081,0.518848077743792,0.376188311611006,1.66440208204869,149,"Mmp13;F10;Mmp12;F7;Cd36;Cblb;Src;Ctsd;Ctsl;F3;Tnfaip3;Serping1;Gata3;Pla2g7;Timp2;Casp1;Lck;Lgals3;Plek;Ctss;Lipa;Ltf;Gnb4;Mmp8;Car2;Gmfb;Fcnb;Lta4h;Lamp2;Ctso;Gnai3;Plscr1;Lap3;Casp9;Ppp2cb;S100a9;Cpq;Dock9;Ctsb;Usp14"
"HALLMARK_ANGIOGENESIS",0.000286426062860762,0.00100249122001267,0.49849310876659,0.615972629043971,1.94265865049537,26,"Tnfrsf21;Jag1;Fgfr1;Spp1;Lpl;Col3a1;Pglyrp1;Fstl1;Ptk2;Stc1;Col5a2;Thbd;Pdgfa;Lrpap1"
"HALLMARK_PROTEIN_SECRETION",0.000399521747135224,0.00130510437397507,0.49849310876659,0.437683899529639,1.76812933056905,87,"Bet1;Atp6v1h;Gnas;Ap3s1;Vamp4;Cd63;Gla;Galc;Sgms1;Igf2r;Lamp2;Scamp1;Rab2a;Kif1b;Arfip1;Yipf6;Stx7;Tmed2;Napg;Rab14;Bnip3;Vps4b;Cln5;Rab22a;Cav2;Rps6ka3;Adam10;Dnm1l;Uso1;Rab9;Stam;Rab5a;Zw10;Atp7a;Vamp3;Arfgef1;Copb2;Sec24d"
"HALLMARK_FATTY_ACID_METABOLISM",0.000505566379846707,0.00154829703828054,0.477270815362862,0.391024173111502,1.67191023877414,122,"Mgll;Cd36;Gpd1;Ephx1;Idh1;Glul;Maoa;Hmgcs1;Eno2;Ehhadh;Hsph1;Cpox;Hsd17b7;Car2;Acss1;Idi1;Acadl;Trp53inp2;Cd1d1;Prdx6;Grhpr;Ldha;Hsd17b4;Rdh11;Elovl5;Fasn;Aldoa;Dld;Gabarapl1;Sucla2;Metap1;Acox1;Serinc1;Hccs"
"HALLMARK_GLYCOLYSIS",0.000576613348444073,0.00166200318080939,0.477270815362862,0.358777296139432,1.60703074557639,159,"Sdc1;Gpc1;Rragd;Pkp2;Pgam1;Chpf;Idh1;Col5a1;Eno2;Igfbp3;Sdc2;Il13ra1;Ak4;Slc25a13;Gusb;Pfkp;Bpnt1;P4ha1;Hax1;Stc1;Ugp2;Ext1;Agl;Ak3;Mxi1;Akr1a1;Pgk1;Ldha;P4ha2;Ppp2cb;Plod2;Hk2;Aldoa;Rars;Gclc;Polr3k;Dld;B4galt7;Egln3;Homer1;Dcn;Rpe;Srd5a3;Pgm2;Aldh7a1;B3gnt3;Vegfa"
"HALLMARK_UV_RESPONSE_DN",0.00074759660849159,0.00203512410089377,0.477270815362862,0.388453348166919,1.65324559295804,118,"Mgll;Ptprm;Itgb3;F3;Bhlhe40;Anxa4;Kit;Bmpr1a;Sdc2;Col3a1;Dlc1;Aggf1;Ldlr;Insig1;Tfpi;Col5a2;Apbb2;Tjp1;Igfbp5;Akt3;Smad7;Map1b;Pik3r3;Col1a2;Anxa2;Pdgfrb;Rasa2;Syne1;Fbln5;Ptpn21;Pmp22;Nr1d2;Add3;Atp2c1;Met"
"HALLMARK_APICAL_JUNCTION",0.000798218116794905,0.00205856251173423,0.477270815362862,0.37932460944267,1.62644172013178,124,"Vcam1;Jup;Evl;Pik3cb;Src;Flnc;Atp1a3;Cd274;Thy1;Mpzl1;Vcl;Layn;Vwf;Rasa1;Mmp9;Amigo2;Cdh11;Actn1;Col16a1;Plcg1;Ptk2;Parva;Insig1;Tjp1;Slit2;Akt3;Shc1;Lima1;Nrap;Pik3r3;Myh10;Cdk8;Bmp1;Cd276;Mvd;Itgb1;Pcdh1"
"HALLMARK_HEME_METABOLISM",0.00160297717290986,0.00392729407362915,0.45505986738723,0.354597031815909,1.5789834733791,153,"Acp5;Tspan5;Slc6a8;Atp6v0a1;Tfrc;Adipor1;Bnip3l;Slc22a4;Optn;Slc2a1;Ppp2r5b;Cpox;Abcg2;Car2;Epor;Gde1;Lamp2;Nfe2l1;Mxi1;Minpp1;Arhgef12;Mospd1;Slc30a1;P4ha2;Hebp1;Dcun1d1;Ypel5;Slc7a11;Trak2;Lmo2;Gmps;Gclm;Gclc;Ctsb;Isca1;Slc11a2;Spta1;Atg4a;Mfhas1;Cdc27;Cast"
"HALLMARK_ESTROGEN_RESPONSE_EARLY",0.00223491193255972,0.00510444418824078,0.431707695803346,0.360138163085817,1.55774970056543,133,"Wfs1;Slc7a2;Farp1;Bhlhe40;Rps6ka2;Chpt1;Ptges;Papss2;Inhbb;Slc2a1;Bcl2;Ablim1;Myof;Bcl11b;Podxl;Fcmr;Gla;Dlc1;Amfr;Syngr1;Itpk1;Slc39a6;Dynlt3;Tiparp;Dhcr7;Cxcl12;Slc19a2;Elovl5;Fasn;Mlph;Celsr1;Frk;P2ry2;Snx24;Wwc1"
"HALLMARK_XENOBIOTIC_METABOLISM",0.00229179126818974,0.00510444418824078,0.431707695803346,0.363915893867225,1.58181427037375,138,"F10;Jup;Alas1;Cd36;Hmox1;Ephx1;Idh1;Id2;Ptges;Maoa;Papss2;Cyp2j9;Cyfip2;Car2;Pgrmc1;Gsr;Gch1;Arg1;Atp2a2;Apoe;Dhrs1;Tkfc;Ssr3;Xdh;Elovl5;Pgd;Abcd2;Slc46a3;Acox3;Gclc;Aqp9;Gabarapl1;Upp1;Hsd11b1;Acox1;Pros1;Entpd5;Abhd6;Sar1b;Cat;Rap1gap;Nfs1;Ugdh;Etfdh"
"HALLMARK_ADIPOGENESIS",0.00295240313742345,0.00628990233624997,0.431707695803346,0.33199640037364,1.50646367386221,178,"Mgll;Fabp4;Cmbl;Cd36;Pfkfb3;Idh1;Stom;Esyt1;Angpt1;Lpl;Ywhag;Rnf11;Mrap;Enpp2;Lama4;Dnajb9;Acadl;Apoe;Col15a1;Atp1b3;Map4k3;Gadd45a;Agpat3;Rtn3;Ghitm;Dlat;Dhcr7;Gbe1;Cmpk1;Aldoa;Dld;Qdpr;Dram2;Sparcl1;Ubqln1;Ccng2;Aplp2;Acox1;Nabp1;Cd151;Cd302;Pqlc3;Echs1;Acly;Nkiras1;Cat;Prdx3;Chuk;Abcb8;Sowahc;Cs;Tkt;Hadh;Ppp1r15b;G3bp2;Tst;Gphn;Slc25a1;Tank"
"HALLMARK_ALLOGRAFT_REJECTION",0.00327001295325122,0.00667627644622125,0.431707695803346,-0.314507858493431,-1.48776141736613,161,"Il4ra;Il2rg;Cfp;Eif4g3;Il16;Tlr2;Bcl3;Cd86;Il1b;Icam1;Hcls1;Ptpn6;Cd47;Was;Ifnar2;Ccnd2;Tap1;Itgal;Icosl;Mrpl3;Ifngr1;Stat4;H2-M3;Ccr2;Irf7;Brca1;Traf2;Spi1;Rps9;Cd74;Lyn;Stat1;Tapbp;Csk;Map4k1;Rps19;Ccl5;H2-Oa;B2m;Lcp2;Il18rap;Fyb;H2-Aa;Elf4;Csf1;Il12rb1;Gpr65;Cd4"
"HALLMARK_KRAS_SIGNALING_UP",0.00361697915869762,0.00708927915104734,0.431707695803346,0.355855309544587,1.54677774813339,138,"Il7r;Tspan7;Jup;Plau;Gprc5b;Gpnmb;Hbegf;Spp1;Dcbld2;Itgb2;Gng11;Cpe;Tspan13;Tnfaip3;Id2;Prrx1;Ctss;Igfbp3;Mmp9;Lat2;Car2;Arg1;Fuca1;Tfpi;Csf2ra;Ets1;Rgs16;Tmem158;Etv1;Dnmbp;C3ar1;Btbd3;Ace;Sparcl1;Hsd11b1;Avl9;Mmp11;Plaur;Plvap;Evi5;Mafb;Eng;Rabgap1l;Gadd45g"
"HALLMARK_ESTROGEN_RESPONSE_LATE",0.00553650312771525,0.0104341789714633,0.407017918923954,0.350133318264474,1.50068401834863,128,"Cxcl14;Wfs1;Cd9;Farp1;Fabp5;Cpe;Tspan13;Rps6ka2;Chpt1;Id2;Ptges;Trim29;Sgk1;Papss2;Ltf;Bcl2;Myof;Car2;Gla;Amfr;Itpk1;Snx10;Dynlt3;Dhcr7;Cxcl12;S100a9;Elovl5"
"HALLMARK_TNFA_SIGNALING_VIA_NFKB",0.00746754079231189,0.0135522036601216,0.407017918923954,0.324643545603874,1.46960664801697,169,"Egr2;Il7r;Rhob;Plau;Dram1;Jag1;Hbegf;Dusp4;Atf3;Pfkfb3;Plk2;F3;Bhlhe40;Klf9;Tnfaip3;Il1a;Id2;Snn;Plek;Sgk1;Clcf1;Ccl2;Ptpre;Rcan1;Gch1;Zbtb10;Ldlr;Tnc;Dnajb4;Bcl2a1a;Tsc22d1;Gadd45a;Tnfaip8;Tiparp;Sphk1;B4galt5;Phlda1"
"HALLMARK_BILE_ACID_METABOLISM",0.00953830480802321,0.0166920334140406,0.380730400722792,0.383926307432573,1.519236187301,75,"Dio2;Abcd3;Idh1;Lck;Optn;Pex26;Abca5;Idi1;Nudt12;Abca8b;Abca6;Nedd4;Hsd3b7;Abca9;Hsd17b4;Bcar3;Abcd2;Gclm;Slc23a2;Aqp9;Pnpla8"
"HALLMARK_MYOGENESIS",0.0136348930692896,0.0230382675998342,0.380730400722792,0.337404124858907,1.43017275103975,113,"Mras;Cd36;Slc6a8;Hbegf;Igfbp7;Bhlhe40;Aebp1;Scd1;Igfbp3;Ablim1;Col3a1;Prnp;Col6a2;Sod3;Col6a3;Cnn3;Myom1;Agl;Col15a1;Wwtr1;Sparc;Lpin1;Mapre3;Gabarapl2;Sphk1;Camk2b;Smtn;Myl6b;Itgb1;Ifrd1;Speg;Pde4dip;Cox6a2;Tpm2"
"HALLMARK_APOPTOSIS",0.0154228638723646,0.0249710095683133,0.380730400722792,-0.30097967625466,-1.39249111678061,134,"H1f0;Bmf;Hmgb2;Madd;Cd14;Plcb2;Il1b;Birc3;Bcl2l11;Isg20;Rhot2;Ccnd2;Tap1;Tnfsf10;Ifitm3;Gsn;Sod1;Fdxr;App;Ifngr1;Gpx1;Ank;Rnasel;Pak1;Pmaip1;Rara;Brca1;Rela;Top2a;Cdc25b;Bid;Casp8;Crebbp"
"HALLMARK_TGF_BETA_SIGNALING",0.0157979856452595,0.0249710095683133,0.352487857583619,0.420031164437855,1.53533337150094,51,"Cdkn1c;Bmpr1a;Id2;Hipk2;Tjp1;Wwtr1;Smad7;Tgfbr1;Bcar3;Ltbp2;Ctnnb1;Ube2d3;Eng;Smad1;Tgif1;Fkbp1a;Smurf1"
"HALLMARK_INFLAMMATORY_RESPONSE",0.0184141413523242,0.0273422098867844,0.352487857583619,-0.292263085389156,-1.37892693941176,158,"Gpr183;Ifitm1;Il4ra;Gpr132;Tlr2;Cxcl10;Nfkbia;Ptgir;Cd14;Ebi3;Il1b;Pik3r5;Icam1;Tnfsf10;Rhog;Ly6e;Csf3r;Cx3cl1;Icosl;Il10ra;Bst2;Adgre1;Ifnar1;Irf7;Atp2b1;Nmi;Eif2ak2;Rela;Cmklr1;Lyn;Mefv;Tapbp;Emp3;Nod2;Cd82;Sema4d;Lpar1;Ccl5;Pde4b;Lcp2;Il18rap;Nfkb1;Tnfsf15;Rtp4;Fpr1;Csf1"
"HALLMARK_P53_PATHWAY",0.0178904725708622,0.0273422098867844,0.352487857583619,0.309477121154963,1.40095079916802,169,"Sdc1;Dram1;Hbegf;Hmox1;Ctsd;Atf3;Plk2;Ifi30;Mdm2;Ephx1;Pitpnc1;Cebpa;Il1a;Stom;Procr;Casp1;Inhbb;Ctsf;Pcna;Cyfip2;Ptpre;Ldhb;Fuca1;Tsc22d1;Plk3;Csrnp2;Gadd45a;Rgs16;Pdgfa;Slc19a2;Sphk1;Cgrrf1;Fgf13;Slc7a11"
"HALLMARK_MYC_TARGETS_V1",0.0262934955144903,0.0378935670650007,0.352487857583619,-0.265504842730489,-1.28846866981401,197,"Mcm7;Odc1;Mcm5;Mcm6;Sf3a1;Mcm2;Cdc20;Nop56;U2af1;Pcbp1;Ppm1g;Rps6;Rrm1;Dut;Nolc1;Impdh2;Hnrnpu;Sf3b3;Tyms;Hnrnpd;Rps5;Ranbp1;Snrpg;Snrpa;Serbp1;Fbl;Rps2;Rpl14;Exosc7;Snrpd3;Cdk2;Eif4h;Rpl6;Hnrnpr;Psmb2;Rpl22;Eif3d;Rps3;Mrpl23;Rplp0;Kpna2;Rpl18;Lsm2;Hnrnpc;Snrpd2;Kars;Srsf3;Ccna2;Mrps18b;Ppia;Cdk4;Rfc4;Dek;Prpf31;Pa2g4;Pold2;Rps10;Snrpd1;Mcm4;Snrpb2;Cdc45;Trim28;Srsf7"
"HALLMARK_MYC_TARGETS_V2",0.0274683404484152,0.0384556766277813,0.352487857583619,-0.362168960761864,-1.41827611010988,58,"Mcm5;Tcof1;Nop56;Pes1;Plk1;Ung;Dctpp1;Nolc1;Dusp2;Las1l;Exosc5;Pprc1;Mybbp1a;Tbrg4;Cdk4;Pa2g4;Bysl;Mcm4;Pus1;Grwd1;Ddx18;Imp4;Npm1"
"HALLMARK_IL6_JAK_STAT3_SIGNALING",0.038597769821916,0.0525358533687191,0.321775918075361,-0.330951031796605,-1.35551523055739,73,"Il4ra;Il2rg;Tlr2;Cxcl10;Cd14;Ebi3;Il1b;Pik3r5;Stat3;Csf3r;Myd88;Ifngr1;Stat2;Ifnar1;Irf9"
"HALLMARK_UV_RESPONSE_UP",0.0529801324503311,0.070162878109898,0.252961123069611,0.302939772911049,1.30209127919827,126,"Atp6v1c1;Alas1;Cdkn1c;Rhob;Slc6a8;Hmox1;Atf3;Ctsl;Tfrc;Ephx1;Maoa;Eno2;Creg1;Car2;Gch1;Hspa13;Cebpg;Hyal2;Gls;Cyb5b;Ppp1r2;Chka;Ggh"
"HALLMARK_PEROXISOME",0.103918228279387,0.133999820676051,0.179782316298324,0.319322404524462,1.28249349200267,82,"Abcd3;Prdx1;Cadm1;Idh1;Ehhadh;Idi1;Cacna1b;Hsd3b7;Hsd17b4;Rdh11;Elovl5;Abcb9;Abcd2;Cdk7;Sema3c;Slc23a2;Vps4b;Acox1;Slc25a17;Cat;Abcc5;Slc25a4;Acsl4;Cln8"
"HALLMARK_ANDROGEN_RESPONSE",0.158163265306122,0.198717948717949,0.142901149386948,0.29642397589964,1.19747591043512,87,"Adamts1;Sgk1;Hmgcs1;Scd1;Ptk2b;Actn1;Gsr;Zbtb10;Idi1;Insig1;Dnajb9;Spcs3;Tsc22d1;Gnai3;Tnfaip8;Dbi;Elovl5;Xrcc5"
"HALLMARK_UNFOLDED_PROTEIN_RESPONSE",0.208955223880597,0.255970149253731,0.120433371642259,0.272636272447685,1.14111011839954,107,"Wfs1;Atf3;Bag3;Ccl2;Psat1;Cebpg;Srprb;Dnajb9;Spcs3;Hyou1;Shc1;Eif4e;Dnajc3;Eif4a1;Ywhaz;Dnaja4;Nabp1;Exoc2;Vegfa;Paip1;Mthfd2;Chac1;Ttc37;Ssr1;Slc30a5;Wipi1;Hspa9"
"HALLMARK_KRAS_SIGNALING_DN",0.284424379232506,0.339921819082751,0.120433371642259,-0.276223766939701,-1.10382244981429,61,"Camk1d;Lfng;Gtf3c5;Tnni3;Mthfr;Ptprj;Mx2;Mefv;Zbtb16;Egf;Rsad2;Ccdc106;Gprc5c;Itgb1bp2;P2rx6;Bard1;Gpr19;Tex15;Kmt2d;Il12b;Cdkal1;Stag3;Mast3;Kcnn1;Sphk2"
"HALLMARK_PI3K_AKT_MTOR_SIGNALING",0.354066985645933,0.413078149920255,0.109684061970549,-0.245586865167951,-1.05183425364963,91,"Il2rg;Ralb;Rps6ka1;Myd88;Prkag1;Stat2;Dapp1;Nfkbib;Traf2;Rptor;Tiam1;Arpc3;Cfl1;Mknk1;Adcy2;Pfn1;Ap2m1;Cdk2;Cdk1;Prkar2a;Map2k3;Tnfrsf1a"
"HALLMARK_WNT_BETA_CATENIN_SIGNALING",0.383647798742138,0.437180049729414,0.0965629554309422,-0.308543939565998,-1.04767166386367,30,"Hdac5;Ccnd2;Ncor2;Axin1;Jag2;Adam17;Trp53;Ppard;Ncstn;Kat2a;Wnt6;Notch4;Dvl2"
"HALLMARK_NOTCH_SIGNALING",0.404580152671756,0.450555170020819,0.0880945010398517,0.334279365964725,1.04005861507285,25,"Fzd7;Jag1;Fzd1"
"HALLMARK_REACTIVE_OXYGEN_SPECIES_PATHWAY",0.437357630979499,0.476233864844343,0.0937465422491719,-0.268058958166572,-1.00435320367574,46,"Lsp1;Atox1;Hmox2;Sod1;Abcc1;Fes;Glrx;Mbp;Egln2;Msra;Scaf4;Sbno2"
"HALLMARK_APICAL_SURFACE",0.475378787878788,0.506381752305665,0.0789209638180035,0.319451811698627,0.987686322138589,24,"Dcbld2;Gata3;Thy1;Il2rb"
"HALLMARK_HEDGEHOG_SIGNALING",0.521739130434783,0.543940795559667,0.0787113806986485,-0.298999211392073,-0.965906678857424,26,"L1cam;Ophn1;Slit1;Ldb1;Pml"
"HALLMARK_OXIDATIVE_PHOSPHORYLATION",0.819047619047619,0.836111111111111,0.0442407423477375,0.187203120954173,0.862920744675126,194,"Atp6v1c1;Alas1;Idh1;Vdac2;Atp6v1h;Afg3l2;Atp6v1e1;Tcirg1;Mpc1;Ldhb;Ndufs1;Dlat;Ldha;Atp6v1d;Vdac1;Dld;Isca1;Mtx2;Atp6v1g1;Sucla2;Ndufb6;Hccs;Bdh2;Slc25a5;Echs1;Aldh6a1;Prdx3;Pdp1;Timm17a;Slc25a4;Cs;Abcb7;Etfdh"
"HALLMARK_SPERMATOGENESIS",0.900884955752212,0.900884955752212,0.0448645113168564,0.196677555961111,0.755411099445872,65,"Pacrg;Slc12a2;Rad17;Lpin1;Agfg1;Rpl39l;Ace;Sirt1;Hspa4l;Strbp;Stam2;Braf;Gmcl1;Pgs1"
